https://www.facebook.com/events/561539647331983/,INAUGURACIÓN:Trienal Internacional de Grabado,"<p><img src='http://scontent.xx.fbcdn.net/hphotos-xpf1/t31.0-8/q82/s720x720/12657240_1111458852218541_2654439588144068693_o.jpg' width='228' height='182' alt='INAUGURACIÓN:Trienal Internacional de Grabado' /></p><p>DOMINIQUE ALIADIÈRE · ÉRIC FOURMESTRAUX · CATHERINE GILLET · ANNE PAULUS · BRIGITTE PAZOT

REBECCA ALLAIGRE · MARIE ALLEMAND · SUZIE ALLEN · JOLANTA ANTON · VICTORIA ARNEY · JÖELLE ARNUT HANEBALI · MICHÈLE ATMAN · CLAIRE AUSZENKIER · MARIA BACARDIT · FRÉDÉRIQUE BADONNEL · ALBERTO BALLETTI · HÉLÈNE BAUMEL · AGATHE BOUTON · ROSA BURDEOS · CLAUDE BUREAU · PETER CHAAK · PAUL CHAMARD · RUNG TSU CHANG · FLORENCE CHAPUIS · MARÍA CHILLÓN · JEANNE CLAUTEAUX-REBILLAUD · NÚRIA CORRETGÉ · SOPHIE COURTANT · ALESSANDRA DALLA ROSA · HÉLÈNE DAMVILLE · ELISE DARTMOUR · MARTINE DE BAECQUE · ISABELLE DELAMARRE · SOPHIE DOMONT · YANNICK DUBLINEAU · JÖELLE DUMONT · NADIA DUTHOO · MANFRED EGGER · CHRISTINA FRANCE · JUTTA FRICKE · MERCEDES GARCÍA · CHISTINE GENDRE-BERGERE · GIOVANNI GORINI · MARILYSE GOULET · ISABELLE GOURCEROL · PASCALE GRIMPARD · MARIE LAURE GUEGUEN · CLAUDE H · LAURA HERRAIZ · JAKUB HONETSCHLÄGER · CLAIRE ILLOUZ · MICHELE JAMES · TOM JOSEPH · MEHRDAD KHATAEI · PAULEEN K · MAGALI KERAUDREN · EKIN KIRIMKAN · XIMENA DE LEÓN LUCERO · JANA LOTTENBURGER · RÉBECCA LOULOU · LUCE · BEA MAHAN · CLAUDE MALCHIODI · LAURA MANFREDI · MONTSE MARCET · ODILE MASSART · FLORENCE MENET-PÉLISSON · SONIA MERINO · DOMINIQUE MOINDRAUT · ISABEL MOUTTET · MARÍA NUÑEZ · CLARA OLIVA · OLIVIER OLTO · LILIANE PADOY-CHEVREAU · DENISE PELLETIER · PASCALE PERGE · ANDREA PUERTAS · SUZY QUIRKE · GHISLAINE RECTEM · CÉCILE RESCAN · MARIA ANTONIA RIBERA · ISABELLE ROBY · ELVIRA RODRIGUEZ · CHISTIANE ROY · ANNE-MARIE RUBI · LILIANE SAFIR · AUGUSTO SAMPAIO · JULIA SANCHEZ MONTEIS · GEORGIANA SAVUTA · SHIRLEY SHAROFF · ANNA SHIBANOVA · PASCALE SIMONET · WERONIKA SIUPKA · ALEXIS SONDAG · MARIE-LIESSE SZTUKA · AKIRA TOKUDA · ANNE MARIE VAN PRAAG · CAROLINE VEITH · MANUEL VERMEIRE · THIERRY WESEL</p><p><a href='https://www.facebook.com/events/561539647331983/' target='_blank'>+info</a></p>",02/11/2016,,"Exposición, Espacios alternativos",El Catascopio,El Catascopio,0,1,1,0,19:30,
https://www.facebook.com/events/1690708997881263/,Festes de Santa Eulàlia 2016: portes obertes i visites guiades al Museu Can Framis,"<p><img src='http://fbcdn-photos-d-a.akamaihd.net/hphotos-ak-xpt1/t31.0-0/p180x540/12640470_953409354750536_6579642521914570_o.jpg' width='228' height='182' alt='Festes de Santa Eulàlia 2016: portes obertes i visites guiades al Museu Can Framis' /></p><p>Cat. 
El Museu Can Framis de Pintura Contemporània vol aplegar-se a la celebració de les Festes de Santa Eulàlia d’enguany, que tenen lloc a la ciutat entre els dies 11 i 14 de febrer de 2016. Per afegir-se a la trobada, que aquest cop té com a protagonistes l’art i l’arquitectura, el museu ha preparat una agenda d’activitats per al cap de setmana comprès entre els dies 13 i 14 de febrer de 2016.

El dissabte 13 de febrer, d’11 a 18 h, Can Framis celebrarà una jornada de portes obertes que permetrà al visitant conèixer la col·lecció permanent de pintura, organitzada en el recorregut “Monòleg, diàleg i concepte”, i les exposicions temporals en curs, “Una col·lecció per a un viatge. Promoció d’Arquitectes Barcelona 1960” i “L’art de col·leccionar: Ernesto Ventós. colección olorVISUAL”. De manera paral·lela, s’oferiran dues visites guiades d’accés lliure a la col·lecció permanent, a les 11.30 h en català i a les 12.45 h en castellà, d’1 h de durada aprox. No cal fer reserva. 

Per a l’endemà, diumenge 14 de febrer, a les 11.30 h, el museu ha programat una nova visita guiada a la col·lecció permanent, inclosa en el tiquet general d’entrada (de 5 € en tarifa normal i 2 €, si és tarifa reduïda), d’1 h de durada aprox. No cal fer reserva. 
-----
Cast.
El Museo Can Framis de Pintura Contemporánea quiere unirse a la celebración de las Fiestas de Santa Eulàlia de este año, que tienen lugar en la ciudad entre los días 11 y 14 de febrero de 2016. Para sumarse al encuentro, que esta vez tiene como protagonistas al arte y la arquitectura, el museo ha preparado una agenda de actividades para el fin de semana comprendido entre los días 13 y 14 de febrero de 2016.

El sábado 13 de febrero, de 11 a 18 h, Can Framis celebrará una jornada de puertas abiertas que permitirá al visitante conocer la colección permanente de pintura, organizada en el recorrido “Monòleg, diàleg i concepte” (Monólogo, diálogo y concepto), y las exposiciones temporales en curso, “Una col·lecció per a un viatge. Promoció d’Arquitectes Barcelona 1960” y “L’art de col·leccionar: Ernesto Ventós. colección olorVISUAL”. Paralelamente, se ofrecerán dos visitas guiadas a la colección permanente de libre acceso, a las 11.30 h en catalán y a las 12.45 h en castellano. La duración será de 1 hora aprox. No es necesario reservar. 

Para el día siguiente, domingo 14 de febrero, a las 11.30 h, el museo ha programado una nueva visita guiada a la colección permanente, incluida en el tique general de entrada (de 5 € en tarifa normal y 2 € si es reducida), de 1 h de duración aprox. No es necesario reservar. 
-----
Eng.
The Can Framis Museum of Contemporary Painting is taking part in the celebrations to mark this year’s festival of Santa Eulalia, which are being held in the city from 11 to 14 February 2016. For the event, which this year is centred on art and architecture, the museum has drawn up a plan of activities for the weekend of 13 to 14 February 2016.

Saturday 13 February, from 11 am to 6 pm, is Can Framis open doors day, allowing visitors access to the permanent painting collection exhibition “Monologue, Dialogue and Concept”, and the current temporary exhibitions “Una col·lecció per a un viatge. Promoció d’Arquitectes Barcelona 1960” and “L’art de col•leccionar: Ernesto Ventós. colección olorVISUAL”. There will also be two free guided visits of the permanent collection; one in Catalan at 11.30 am and the other in Spanish at 12.45 pm. Visits will last approx. one hour. No booking necessary. 

On the following day, Sunday 14 February at 11.30 am, the museum is offering a new guided visit of the permanent collection, included in the price of the general entrance ticket (€5 normal rate or €2 reduced), lasting approx. one hour. No booking necessary.</p><p><a href='https://www.facebook.com/events/1690708997881263/' target='_blank'>+info</a></p>",02/13/2016,02/14/2016,"Exposición, Espacios alternativos",Museu de Can Framis,Museu de Can Framis,0,1,1,0,11:00,14:00
https://www.facebook.com/events/1656153154639599/,"IKONOS , By JULIEN DENIAU , Cultural skateboard art","<p><img src='http://scontent.xx.fbcdn.net/hphotos-xft1/v/t1.0-9/s720x720/12651364_1101913083165098_4873459750250016644_n.jpg?oh=8fee5e4bc0be27e750042e32885ccd16&oe=576D7FF6' width='228' height='182' alt='IKONOS , By JULIEN DENIAU , Cultural skateboard art' /></p><p>Ok ! here we go !  Skate art, chill out , Drinks and  music.</p><p><a href='https://www.facebook.com/events/1656153154639599/' target='_blank'>+info</a></p>",02/18/2016,,"Exposición, Espacios alternativos",Base Elements Urban Art Gallery,Base Elements Urban Art Gallery,0,1,1,0,18:00,21:00
https://www.facebook.com/events/495362407317029/,Inauguració d'ARCADA,"<p><img src='http://scontent.xx.fbcdn.net/hphotos-xlf1/v/t1.0-9/q85/p720x720/12552560_10207419903868593_4996156706954050221_n.jpg?oh=7333ffb22187d82d7815728967df2e63&oe=572A3DF1' width='228' height='182' alt='Inauguració d'ARCADA' /></p><p>Inauguració d'ARCADA, una exposició de doodlebombs de Laura Sangrà. 

ARCADA - 1 PAT Contracció de les vies digestives altes que acompanya les nàusees i precedeix sovint els vòmits. / 2 ART Contrapartida ultra underground, barcelonesa i festiva d'ARCO.

DOODLEBOMB - [de l'angl. 'omplir de gargots'] tècnica artística que consisteix a farcir fotos, preferiblement de moda, de dibuixos amb la intenció d'embellir-les.

Divendres 19 de febrer, de 19 a 24h.
Felisa Cowork (c/Rosselló, 289)

Música a càrrec de Sonido Tupinamba.
Cervesa gentilesa de Moritz.</p><p><a href='https://www.facebook.com/events/495362407317029/' target='_blank'>+info</a></p>",02/19/2016,,"Exposición, Espacios alternativos",Laura Sangrà,Felisa CoWork,0,1,1,0,19:00,
https://www.facebook.com/events/186967791658820/,13 pastillas contra la hipocondría,"<p><img src='http://fbcdn-sphotos-f-a.akamaihd.net/hphotos-ak-xlf1/t31.0-8/s720x720/12496179_769674579889417_6289221356032686586_o.png' width='228' height='182' alt='13 pastillas contra la hipocondría' /></p><p>_(¯`·._ LA SEGUNDA EXPOSICIÓN _.·´¯)_  

de nuestro 'ciclo de expos' abre sus puertas a todos los curiosos! En esta ocasión estáis invitados al mundo del subconsciente.
 
»13 pastillas contra la hipocondría« se construye por trece obras que representan algún temor, reflexión o inquietud. Trece dibujos en blanco y negro combinados con algún toque de color. Imágenes que sirven para expresar estados que en otro lenguaje no contarían la misma historia. La creatividad a parte de ser un medio de expresión de pensamiento y percepción también sirve como vía de escape. Ofrece la posibilidad de crear un mundo paralelo donde guardar recuerdos y emociones. 13 pastillas se complementa con una selección de citas ilustradas que representan los otros canales a través de los cuales buscamos la evasión: la literatura, la música y el cine. Una veintena de ilustraciones, en formato postal, plasman palabras inolvidables que aluden a esos estados, personajes míticos o reflexiones que el mundo del entretenimiento y editorial nos han ofrecido a lo largo del tiempo. 


_(¯`·._ ILUSTRADORA _.·´¯)_ 

Nuria López aka “Loraxi” (Lleida, 1986).
Diseñadora gráfica e ilustradora.  
Soñadora con la cabeza en las nubes y los pies en la tierra. 

Descubre sus trabajos en: www.loraxi.com</p><p><a href='https://www.facebook.com/events/186967791658820/' target='_blank'>+info</a></p>",02/11/2016,,"Exposición, Espacios alternativos",La Hormigonera Col.lectiu Cultural,La Hormigonera Col.lectiu Cultural,0,1,1,0,19:30,
https://www.facebook.com/events/992121780861092/,THE POWER OF FLOATING de Ana de Lima,"<p><img src='http://scontent.xx.fbcdn.net/hphotos-xpa1/t31.0-8/q87/s720x720/12622160_1151141811603247_6736079552806311311_o.jpg' width='228' height='182' alt='THE POWER OF FLOATING de Ana de Lima' /></p><p>Aquest mes de febrer tornem a començar amb les exposicions a El Diluvio Universal! I que millor que començar amb la il·lustradora Ana de Lima i la seva exposició de collage 'THE POWER OF FLOATING' 

Bajo el título ""THE POWER OF FLOATING"" la Ilustradora gallega afincada a Nuremberg, Ana de Lima captura escenas y nos las presenta como cápsulas suspendidas en el tiempo recreando conceptos tan diversos como la inspiración artística y sus musas, el paso a la edad adulta, la búsqueda de la felicidad, la toma de decisiones, el miedo al fracaso o la muerte... a menudo utilizando elementos simbólicos, a veces de carácter onírico o empleando juegos de palabras en los propios títulos de las obras.

Para ello la artista utiliza la técnica mixta de collage que dota a las imágenes de un halo nostálgico y con un marcado carácter estético y gráfico. 

anadelima.blogspot.com

> > > En aquesta ocasió farem horari de vermut! Apunteu!  

INAUGURACIÓ
Dissabte 13 de febrer a partir de les 12.00h


Amb la col·laboració de Inedit!</p><p><a href='https://www.facebook.com/events/992121780861092/' target='_blank'>+info</a></p>",02/13/2016,,"Exposición, Espacios alternativos",El Diluvio Universal,El Diluvio Universal,0,1,1,0,12:00,
https://www.facebook.com/events/1590754651184312/,HEAVENLY BODIES Pierre Radisic Exhibition,"<p><img src='http://scontent.xx.fbcdn.net/hphotos-xal1/t31.0-8/s720x720/12628613_705883289514904_538719313724545669_o.jpg' width='228' height='182' alt='HEAVENLY BODIES Pierre Radisic Exhibition' /></p><p>« Constelación (Del lat : Constellatio, -onis) f. conjunto de estrellas que, mediante trazos imaginarios sobre la aparente superficie celeste, forman un dibujo que evoca una determinada figura (un animal, un personaje mitológico, etc. ) ». 

La capacidad sugerente del cuerpo humano es infinita : océanos, melodías, arquitecturas, etc. 
Pierre Radisic establece una original metáfora entre un firmamento epidérmico y las estrellas. Una relación mágica que fluye desde el microcosmos feminino y latente, traduciéndose en una estrología sensible. La original disposición de las fotos causa una sensación efervescente. Es el impacto inicial el que determina un periplo iniciático, el espectador se convierte en navegante estelar. Cada foto se encuentra dividida en dos partes, en primer término se nos presenta un fragmento de cuerpo plagado de lunares sin lógica aparente, mientras que en la parte posterior es desvelada la constelación mediante trazos en blanco sobre la misma instantánea en negativo. 
La sensualidad corpórea se simplifica, lo matérico es minimizado a una simple expresión cartográfica. A medida que penetramos en la exposición, se nos van desvelando de manera lúdica los signos que configuran una bóveda donde se aglutinan constelaciones y fragmentos de cuerpos. 
Sin recurrir a una técnica excesivemente complicada, se nos plantea el aspecto simbólico del cuerpo mediante la metáfora estelar, no exenta de matices sensuales y eróticos.  


Se trata, sin duda, de una exposición de gran originalidad en cuanto al contenido y a la calidad fotográfica. Recomendable para los amantes del firmamento, los lunares y los cuerpos, porque, al fin y al cabo, ¿no somos huellas surgidas a partir de polvo de estrellas? 

Pierre Radisic, Cuerpos Celestes, Colegio de Arquitectos de Canarias, Santa Cruz de Tenerife.</p><p><a href='https://www.facebook.com/events/1590754651184312/' target='_blank'>+info</a></p>",02/11/2016,,"Exposición, Espacios alternativos",Addicted To Life - Barcelona,Addicted To Life - Barcelona,0,1,1,0,19:00,
https://www.facebook.com/events/1684898478443232/,Exposición Dani García Sarabia,"<p><img src='http://fbcdn-sphotos-a-a.akamaihd.net/hphotos-ak-xta1/t31.0-8/q89/s720x720/12633489_1735851966660751_2359752470244346191_o.jpg' width='228' height='182' alt='Exposición Dani García Sarabia' /></p><p>Este mes de febrero tendremos al artista Dani García Sarabia con su serie ""Andorra Landscapes""

""Andorra Landscapes""

Hay lugares en el mundo en los que parece que el tiempo se detiene, que las prisas de la civilización se desvanecen y la vista se pierde en la lejanía, hasta el punto en que fijamos la vista en el horizonte y acabamos por perder la noción del tiempo. Nada cambia, todo sigue imperturbable en el transcurso de las horas.

Hay otros lugares donde la vorágine y casi la locura nos atrapa y nos sumerge en un torbellino que gira y gira sin cesar mientras la adrenalina se dispara y buscamos sensaciones que nos hagan vivir con una gran intensidad.

Y hay, finalmente esos espacios que nos llenan los ojos de productos comerciales que aparecen multicolores y apetecibles con los que saciar nuestras necesidades.

Andorra es un país singular, desconocido por muchos, que condensa en muy poco espacio todo lo citado anteriormente. En apenas unos minutos podemos pasar de calles destinadas al comercio de más alto nivel a sumergirnos en la exuberante naturaleza o dejarnos arrastrar por la velocidad del descenso por pistas de esquí que se enlazan entre ellas hasta convertirse en uno de los mayores dominios esquiables de Europa. Y todo ello separados por escasos metros y por muy pocos kilómetros. Andorra, en palabras del escritor Joan Barril, es un país vertical. Tan sólo quince minutos a pie y abandonamos el comercio, el ruido, el estrés y el tráfico, para encontrarnos con un camino en plena montaña, que se diluyen entre las ramas de los árboles. El horizonte desaparece tras las altas montañas, que se alzan como si de una gran muralla se tratara.

Esta curiosa convivencia configura un paisaje único, impredecible si tenemos en cuenta el clima extremo del lugar, con inviernos blancos, primaveras repletas de colores, veranos cálidos y otoños ocres y rojizos. Cada mirada, en cada época, en cada lugar y en cada ocasión, nos ofrece una visión completamente diferente. Nubes bajas cubren nuestra la visión de un blanco puro, minutos después estas nubes se abren y dejan paso a un rayo de luz que ilumina, entre la bruma, los tejados mojados de la ciudad que se encuentra más abajo. Cuando llega el invierno y la nieve cubre todo el país, las luces del tráfico cortan el blanco como ríos de lava incandescentes. Nada es nunca igual, todo es siempre diferente, podemos ir de la paz a la vorágine, del verde más intenso al rojo y nunca abandonaremos el mismo paisaje. Es la locura del cambio en el mar de la tranquilidad. La contradicción llevada a su máxima expresión.

He ahí que la fotografía sirve para inmortalizar la quietud del cambio.

Y he ahí como gracias a una serie de fotografías conseguimos plasmar este magnífico espectáculo que entronca naturaleza y civilización.</p><p><a href='https://www.facebook.com/events/1684898478443232/' target='_blank'>+info</a></p>",02/11/2016,,"Exposición, Espacios alternativos",Fifty Dots,Fifty Dots,0,1,1,0,19:00,
https://www.facebook.com/events/1821289284764663/,The Lives Beneath by Bianca Kennedy and Felix Kraus,"<p><img src='http://fbcdn-sphotos-d-a.akamaihd.net/hphotos-ak-xfp1/t31.0-8/s843x403/12640518_581235892035558_7867189245574486910_o.jpg' width='228' height='182' alt='The Lives Beneath by Bianca Kennedy and Felix Kraus' /></p><p>“The Lives Beneath” by Bianca Kennedy & Felix Kraus, curated by Savina Tarsitano and Alejandro Martín.

Espronceda is proud to present the exhibition of the two German artists Bianca Kennedy and Felix Kraus. In the four week long residency at Espronceda they worked on their third and last installment of the Life 3.0 trilogy, the final chapter about the evolutionary future of mankind.

For their project they worked with local musicians to create a meditative soundtrack. They also included people from Barcelona in their cinematographic scenes. This footage is being combined with scenes they recorded in the USA and Canada, depicting haunting shots of calcified birds and intimidating views of raw landscapes. While fisher(wo)men tell their personal story and nature mourns its existence, the dialogue becomes embodied with songs from a choir.

Kennedy and Kraus depict a world in the year 4000. Everything in nature gets merged into one single mind. Plants, animals and hybrid human beings form a worldwide super-network of conciousness. The few remaining non-hybrid humans are being forced to live underwater in floating shiplike cities. Humans try to convince nature that they're still valuable, using songs, meditation and yoga. The Lives Beneath examines the downfall of a society that refuses to live with nature in harmony. But on the other side is a self-conscious planet,which suffers from the burden of having to think for all eternity.

For the exhibition at Espronceda they will create a multidimensional experience, ranging from the central film to suspended metal sculptures, drawings, sounds, shadow animations, paper embossments, collages and a stunning installation: The visitor can enter the cabin of a ship, diving into their world even deeper.

The work of Kennedy and Kraus can be uanderstood as a subtle metaphor about the status quo of human civilization. Because their movie The Lives Beneath gives a voice to nature, they raise awareness for current problems and influence our attitude towards nature.

The opening of the exhibition on February, 11th is sponsored by Moritz Barcelona.

Bianca Kennedy & Felix Kraus have been collaborating on selected projects since 2013. Currently they are on a year long journey around the world (e.g. USA, Vancouver, Barcelona, Athens and Bolzano) with various international exhibitions and residencies.

Bianca Kennedy is a German artist and has studied media art at the Academy of Fine Arts Munich. Apart from exhibitions in Munich, Nuremberg and Essen, she has shown videos in cities like Athens, San Francisco and Chicago as well as in Taipei and Seoul. Her works were selected for the DVD compilation of the Goethe Institute two years in succession and she has been awarded with a scholarship from the Studienstiftung des deutschen Volkes.

www.BiancaKennedy.com

Felix Kraus is a German artist and the initiator of the Swan Collective. He has completed his studies at the Academy of Fine Arts Munich. His works have been exhibited in institutions, such as W139, Amsterdam, Kunstmuseum Ahlen, Kunsthalle Schweinfurt or, recently, at State Museum of Egyptian Art Munich. Moreover, as part of the Swan Collective, Felix Kraus has participated in shows and screenings in London, Berlin and Hamburg. He was awarded the First Prize at the Bundesfestival Video Ludwigsburg for his film LiverFuck™. 

www.SwanCollective.com


Opening reception on Thursday 11th of February at 7pm.
Open from February 12th to February 18th by appointement: 658 319 260/645105788
Espronceda, Center for Art and Culture

Carrer d'Espronceda, 326, Nave 4-5, 08027, Barcelona. Metro: Navas

................................................................................


“The lives beneath” por Bianca Kennedy & Félix Kraus, curada pro Savina Tarsitano y Alejandro Martín

Espronceda se enorgullece en presentar la exposición de los dos artistas alemanes Bianca Kennedy y Félix Kraus. En su residencia artística de cuatro semanas en Espronceda han trabajado en su tercera y última entrega de la trilogía “Life 3.0”, el capítulo final sobre el futuro de la evolución de la humanidad.

Para su proyecto se trabajó con músicos locales para crear una banda sonora meditativa. También han incluido personas de Barcelona en sus escenas cinematográficas. Este material se combina con imágenes que grabaron en los EE.UU. y Canadá, que representa inquietantes vídeos de aves calcificadas e intimidantes vistas de paisajes naturales. Mientras un pescado-mujer cuenta su historia personal y la naturaleza está de luto por su existencia, el diálogo está envuelto con canciones de un coro.

Kennedy y Kraus muestran un mundo en el año 4000. Todo en la naturaleza se fusionó en una sola mente. Las plantas, los animales y los seres humanos híbridos forman una super-red de conciencia en todo el mundo. Los pocos humanos no híbridos restantes se ven obligados a vivir bajo el agua en las ciudades flotantes. Los seres humanos tratan de convencer a la naturaleza que todavía son valiosos, usando canciones, la meditación y el yoga. “The lives beneath” examina la caída de una sociedad que se niega a vivir con la naturaleza en armonía. Pero por otro lado es un planeta consciente de sí mismo, que sufre de la carga de tener que pensar por toda la eternidad.

Para la exposición en Espronceda crearán una experiencia multidimensional, que va desde la película central a esculturas de metal suspendidas, dibujos, sonidos, animaciones, relieves de papel, collages y una instalación impresionante: El visitante puede entrar en la cabina de un barco, y bucear en su mundo aún más profundo.

El trabajo de Kennedy y Kraus se puede entender como una metáfora sutil acerca de la situación actual de la civilización humana. Debido a que su película “The lives beneath” da voz a la naturaleza, quieren que aumente la conciencia por los problemas actuales e influyan en nuestra actitud hacia la naturaleza.

El apertura de la muestra del 11 de Febrero es patrocinado por Moritz Barcelona.

Bianca Kennedy & Felix Kraus han estado colaborando en proyectos seleccionados desde 2013. Actualmente están en un viaje largo de un año por todo el mundo (por ejemplo EE.UU., Vancouver, Barcelona, Atenas y Bolzano) con diversas exposiciones y residencias internacionales.

Bianca Kennedy es un artista alemán y ha estudiado Media Art en la Academia de Bellas Artes de Múnich. Además de exposiciones en Múnich, Núremberg y Essen, ha mostrado vídeos en ciudades como Atenas, San Francisco y Chicago, así como en Taipei y Seúl. Sus trabajos fueron seleccionados para la compilación en DVD de los Goethe Institute dos años consecutivos y que ha sido galardonada con una beca de la Studienstiftung des deutschen Volkes.

www.BiancaKennedy.com

Félix Kraus es un artista alemán y el iniciador del Colectivo Swan. Ha realizado sus estudios en la Academia de Bellas Artes de Múnich. Sus obras han sido expuestas en instituciones, como W139, Amsterdam, Kunstmuseum Ahlen, Kunsthalle Schweinfurt o, recientemente, en el Museo Estatal de Arte Egipcio de Munich. Además, como parte del Colectivo Swan, Félix Kraus ha participado en espectáculos y proyecciones en Londres, Berlín y Hamburgo. Fue galardonado con el Primer Premio en el Bundesfestival vídeo Ludwigsburg por su película ""LiverFuck ™"".

www.SwanCollective.com


Inauguración de la exposición: 11 de Febrero de 2016. 19h.
En exposición del 11 al 18 de Febrero 2016 con cita previa. Tel. 658319260/ 645105788
Espronceda, Center for Art and Culture

Carrer d'Espronceda, 326, Nave 4-5, 08027, Barcelona. Metro: Navas</p><p><a href='https://www.facebook.com/events/1821289284764663/' target='_blank'>+info</a></p>",02/11/2016,,"Exposición, Espacios alternativos",Espronceda,Espronceda 326,0,1,1,0,19:00,
https://www.facebook.com/events/133773027006336/,Inauguración - The International Weird Collage Show,"<p><img src='http://fbcdn-sphotos-b-a.akamaihd.net/hphotos-ak-xap1/t31.0-8/q83/s720x720/12646685_529246830569324_4898381247599152757_o.jpg' width='228' height='182' alt='Inauguración - The International Weird Collage Show' /></p><p>El International Weird Collage Show, comisariado por Max-O-matic y Ruben B, es una exposición nómada que conecta artistas de proyección internacional con artistas locales cuyas prácticas se centran en el collage. 

La exposición enseña lo más relevante en el panorama internacional del collage buscando realizar una lectura contemporánea a una práctica que se ha ido resignificando desde inicios del siglo XX. Trabaja en la expansión global de la voz del collage contemporáneo.

Organizada en Barcelona por me & the curiosity, se ha convertido en la exposición colectiva de collage itinerante más imporante del mundo y, de la que ya se han realizado 10 ediciones en Nueva York, Berlín, Montreal, Holanda, Perú, Ecuador, Costa Rica, Madrid… En todas ellas, los comisarios  Max-O-matic y Ruben B colaboran con un artista/comisario local.

ARTISTAS PARTICIPANTES

Alan Ganev & François Ares (Canadá), André Bergamin (Brasil), Anna Taratiel (Barcelona), Anthony Zinonos (EE.UU), April Gertler  (Berlín, Alemania), Ashkan Honarvar (Noruega), B.D. Graft ( Países Bajos), Bill Noir (Francia), Chang Gang Lee ( Japón), Charles Wilkin (EE.UU), Cless (España), Dennis Busch (Alemania), Franco Fasoli (Argentina), Fred Free (EE.UU), Gloria Vilches (Barcelona), Goster (Lima, Perú), Grande (Malmo, Suecia), James Gallagher (EE.UU), Jon Legere (EE.UU), John Whitlock (EE.UU), Julia Busch (Alemania), Mario Zoots (EE.UU), Marta de los Pájaros (Barcelona), Max-o-matic (Barcelona), Mike de Sutter (EE.UU), Niko Vartiainen (Finlandia), Rubén B (Madrid, ESP), Sergi Lacambra (Barcelona), Sylvia Stolan (Noruega), Tamar Cohen (EE.UU), Vincent Pacheco (EE.UU).


La exposición se podrá visitar del 25 de febrero al 13 de marzo de 2016 en Espronceda, Center for Art & Culture, en la calle Espronceda 326, 08027 de Barcelona.

http://theweirdshow.info
http://meandthecuriosity.net</p><p><a href='https://www.facebook.com/events/133773027006336/' target='_blank'>+info</a></p>",02/25/2016,,"Exposición, Espacios alternativos",me & the curiosity,Espronceda 326,0,1,1,0,19:30,
https://www.facebook.com/events/160922370951197/,Sine tactu viri in delectationem movetur Performance de Úrsula San Cristóbal,"<p><img src='http://scontent.xx.fbcdn.net/hphotos-xfa1/v/t1.0-9/s720x720/12651189_914685268652866_6366508369519898903_n.jpg?oh=4cefd3b33220951f484905fcee57821f&oe=5726BA05' width='228' height='182' alt='Sine tactu viri in delectationem movetur Performance de Úrsula San Cristóbal' /></p><p>Una actuación interdisciplinaria que aborda el vínculo entre el placer físico, espiritual e intelectual que caracteriza la experiencia mística, entendida más allá de cualquier doctrina religiosa. A partir de las ideas de Mark Rothko acerca de la espiritualidad en el arte y desde el trabajo multidisciplinario de la mística Hildegard de Bingen (siglo XII) en esta acción trato de mostrar las conexiones poéticas entre placer espiritual y físico, que ponen en cuestión no sólo la antigua separación entre el cuerpo y la mente, sino también la lógica heteronormativa que opera en la experiencia del placer. Como dijo Hildegard de Bingen: una mujer puede llegar al placer sin el toque de un hombre.

An interdisciplinary performance that approaches the link between the physical, spiritual and intellectual pleasure that characterizes mystical experience, understood beyond any religious doctrine. Starting from Mark Rothko's ideas about spirituality in art and from the multidisciplinary work of the mystic Hildegard of Bingen (XII century) in this action I try to show poetic connections between spiritual and physical pleasure, which call into question not only the old-fashioned body/mind separation, but also the heteronormative logic operating on the experience of pleasure. In Hildegard of Bingen's words: a woman can be moved to pleasure without the touch of a man.</p><p><a href='https://www.facebook.com/events/160922370951197/' target='_blank'>+info</a></p>",02/06/2016,,"Exposición, Espacios alternativos",Galeria Balaguer,Galeria Balaguer,0,1,1,0,19:30,
https://www.facebook.com/events/505481679624694/,ÀngelsTALKS: Daniela Ortiz i Laura Llevadot parlen d'hospitalitat,"<p><img src='http://scontent.xx.fbcdn.net/hphotos-xap1/t31.0-8/s720x720/12633677_654671054688637_4197591724987059978_o.jpg' width='228' height='182' alt='ÀngelsTALKS: Daniela Ortiz i Laura Llevadot parlen d'hospitalitat' /></p><p>àngels barcelona presenta una sèrie de col·loquis en què un artista i un pensador debaten un seguit de tòpics que formen part de les seves línies d’investigació, materialitzats, en el cas de l’artista, en una obra d’art visual o, en el cas del pensador, en un text assagístic. Sovint les experimentacions formals són més freqüents que la divisió tradicional. Ha sorgit una nova zona entre ambdues disciplines? S’ha esgotat la possibilitat d’escriure sobre una obra o materialitzar un pensament? Què es perd en aquest exercici de traducció d’un format a l’altre, de transmutació de l’obra en text?

El primer dels col·loquis, que s'estenen de febrer a abril, se centrarà en el concepte d'hospitalitat de Jacques Derrida, que amb el tractat de 1997 De l’hospitalité s'hi adreça a partir del concepte grec de ‘xenos’, que és l’altre, l’estranger, el desconegut. Derrida proposa dos tipus d’hospitalitat: la condicional, en què ‘xenos’ està sotmès a les lleis de l’hoste; i la incondicional, en què ‘xenos’ no ha estat convidat i, per tant, no ha acceptat cap condició, sinó que és un tipus d’hospitalitat - utòpica - en què s’ofereix refugi a qui sigui, vingui d’on vingui.
Quin és el poder d’aquest altre respecte a l’hoste? Qui és l’hoste - l’estat, els individus - i com regula la migració i l’hospitalitat? Sota quina ideologia actua? Com podem desocultar els mecanismes que regeixen aquesta gestió de l’altre?
És precisament aquest el centre del treball de Daniela Ortiz, artista que investiga la situació migratòria de l’altre i la gestió que en fan els estats. En parlarà amb Laura Llevadot, professora de Filosofia Contemporània a la Universitat de Barcelona i que centra la seva investigació en les filosofies contemporànies de l’alteritat, la deconstrucció i les derivacions ètiques del pensament post-metafísic.

Aquest projecte es presenta com un exercici no només d’interpretació sinó de comprensió de l’altre, de la seva aproximació, sempre diferent, a un mateix discurs, un tòpic que esdevé el marc des del qual encetar la conversa: hospitalitat, angoixa, velocitat, memòria, mirades, performativitat i desig.
Tant la investigació artística com la teorització acadèmica ens permeten replantejar diversitat de qüestions: com volem viure, com voler que el nostre cos sigui tractat, com volem governar-nos i ser governats, entre d’altres. àngelsTALKS s'insereix en un espai que va més enllà de la disciplina, on es troben el fet artístic i la teorització acadèmica.
àngels TALKS compta amb la participació dels artistes Pep Agut, Joan Fontcuberta, Daniela Ortiz, Mabel Palacín, Jorge Ribalta, Mireia c. Saladrigues i Mireia Sallarès; i dels pensadors Fina Birulés, Manuel Cruz, Josep Maria Esquirol, Manuel García-Carpintero, Laura Llevadot i Antoni Vicens. És un projecte organitzat per àngels barcelona a cura de Marta Coll.

Aforament limitat. Inscripció gratuïta a info@angelsbarcelona.com</p><p><a href='https://www.facebook.com/events/505481679624694/' target='_blank'>+info</a></p>",02/09/2016,,"Exposición, Espacios alternativos",Activitats Àngels Barcelona,àngels barcelona,0,1,1,0,19:00,
https://www.facebook.com/events/949660988446239/,Paratext featuring Encura#2 Lightning Studies: CTCCCs” comissariat per en Renan Laru-an,"<p><img src='http://scontent.xx.fbcdn.net/hphotos-xft1/v/t1.0-9/12670176_984253628308845_3742151311868348265_n.jpg?oh=a434982be290cb0d955b0a032dfa2405&oe=573C46B2' width='228' height='182' alt='Paratext featuring Encura#2 Lightning Studies: CTCCCs” comissariat per en Renan Laru-an' /></p><p>El Paratext de febrer 2016 està dedicat al ‘curator in residence’, Renan Laru-an, que desenvolupa a HANGAR el seu projecte d’investigació artística “Lightning Studies: CTCCCs”, en el context de la beca ENCURA i que compta amb la participació dels artistes residents.

Els artistes que participen en aquest Paratext/Encura2 dins aquest projecte curatorial d’en Renan Laru-an són la Megan Michalak, el duet d’artistes Giuliana Racco/Matteo Guidi, en Mario Santamaría i la Christina Schultz.

Més info (http://bit.ly/1QGr3dq)

##El projecte Encura2

“Lightning Studies: Center for the Translation of Constraints, Conflicts and Contaminations” de Renan Laru-an es concentra en una arquitectura discursiva generada des d’escenes horitzontals de coneixement.

Podeu conéixer més del projecte consultant la documentació publicada per en Renan Laru-an durant la investigació i desenvolupament d’aquest projecte al Art Spy Blog de Curator’s Network.

##Quan

    11 feb 2016 / 19h
    SalaRicson, Hangar</p><p><a href='https://www.facebook.com/events/949660988446239/' target='_blank'>+info</a></p>",02/11/2016,,"Exposición, Espacios alternativos",Hangar.org,Hangar.org,0,1,1,0,19:00,
https://www.facebook.com/events/963517453738622/,Inauguración Code Inconnu - Exposición Colectiva,"<p><img src='http://fbcdn-sphotos-c-a.akamaihd.net/hphotos-ak-xfl1/t31.0-8/s720x720/12605364_1109368152407777_5005412378149962437_o.jpg' width='228' height='182' alt='Inauguración Code Inconnu - Exposición Colectiva' /></p><p>Nos complace invitaros a la inauguración de la exposición colectiva Code Inconnu el día jueves 11 de febrero a partir de las 19 horas en C/Aribau 75, 08036, Barcelona. Del 11 de febrero hasta el 23 de marzo del 2016.

CODE INCONNU: 
En un boulevard parisino muy concurrido, alguien echa un papel muy arrugado en la mano de una mendiga. Este es el lazo que, por unos instantes, une el camino de personajes muy dispares, cambiando el resto de sus vidas para siempre. La exposición colectiva que se presentará rinde homenaje al director de cine francés Michael Hanneke, apropiándose del título de su película quizás más conocida CODE INCONNU, exhibiendo una selección de trabajos de artistas de diferentes disciplinas y formas de entender el arte, confluyendo en un mismo espacio y tiempo, provocando un diálogo y generando un hilo argumental a través de la forma, el color y la imagen.

Artistas participantes: Salustiano, Max Gärtner, Berto Martínez, Mario Dilitz, Victoria Campillo, Patrik Grijalvo.</p><p><a href='https://www.facebook.com/events/963517453738622/' target='_blank'>+info</a></p>",02/11/2016,,"Exposición, Espacios alternativos",Victor Lope Arte Contemporaneo,Victor Lope Arte Contemporaneo,0,1,1,0,19:00,21:00
https://www.facebook.com/events/1677009909220554/,Vermut de medio día y Tan-Tán,"<p><img src='http://fbcdn-sphotos-h-a.akamaihd.net/hphotos-ak-xfp1/v/t1.0-9/s720x720/12592422_951194708294938_4842435779353022923_n.jpg?oh=3af0608e8b00c23a9fda6a26dd1a0c1b&oe=576A9767&__gda__=1463351127_11e329d02df500a69bc41c75d695dd3e' width='228' height='182' alt='Vermut de medio día y Tan-Tán' /></p><p>Hay a quienes ya les contamos ¿Que es Tan-Tán? hay algunos que ya comenzaron a probarlo, otros tienen muchas dudas, o quienes quieren saber más... 

Para todos ellos y a quienes simplemente les entusiasme encontrarnos y tomar Vermut  nos vemos el Domingo 7 de Febrero a las 12h con nuestros amigos de Espai Colona para tomar, picar algo y charlar juntos sobre este proyecto.

---------
Tan-Tán es una plataforma para el arte contemporáneo, una oficina virtual para artistas, curadores e instituciones con herramientas especializadas para cada perfil que ayudan a gestionar, difundir y colaborar de forma mas sencilla.</p><p><a href='https://www.facebook.com/events/1677009909220554/' target='_blank'>+info</a></p>",02/07/2016,,"Exposición, Espacios alternativos",TuerCo.,"Espai Colona, Sant Pere Més Alt 45, Entlo, Barcelona",0,1,1,0,12:00,
https://www.facebook.com/events/920592864714544/,Expo RIMspiración,"<p><img src='http://fbcdn-sphotos-f-a.akamaihd.net/hphotos-ak-xfp1/t31.0-8/q82/s720x720/12698508_808948142567137_2310964926598708084_o.jpg' width='228' height='182' alt='Expo RIMspiración' /></p><p>Rim Chiaradia 
Pintor brasileño que inició su trabajo en las calles de São Paulo en 1993 con el graffiti.
Trae para esta muestra algunas inspiraciones e influencias que ayudarán a crear un estilo y técnicas propias. personajes lugares e imágenes que dirigen su camino en las artes a través de lienzos y objetos.


*Solo para sócios Weed You. Traer documentación y carnet del club. Gracias.</p><p><a href='https://www.facebook.com/events/920592864714544/' target='_blank'>+info</a></p>",02/05/2016,,"Exposición, Espacios alternativos",Weed You,Weed You,0,1,1,0,21:30,
https://www.facebook.com/events/1678491459074119/,"BLACK STREET, Retratos","<p><img src='http://scontent.xx.fbcdn.net/hphotos-xfp1/t31.0-8/s720x720/12640458_10153187441471008_6526728217926033132_o.jpg' width='228' height='182' alt='BLACK STREET, Retratos' /></p><p>“BLACK STREET”, Retratos:  surge de la colaboración de la diseñadora Krizia Robustella y el ilustrador Nicasio Torres.

A partir de la memoria de la cultura rap de los años 80 y 90 de las calles de Nueva York, nace una serie de personajes que Krizia Robustella interpreta en su próxima colección bajo el nombre de “Black Street”.  Retratos que nacen de la interpretación que Nicasio Torres hace del universo estético de la diseñadora. 
Como si estos retratos se construyesen desde el recuerdo de fotos en blanco y negro de la época, es a través de aguadas de tinta china como surgen estos personajes especiales, que a la vez se muestran tiernos e inocentes como osados, divertidos e irónicos. Todo esto se traduce en un juego de volúmenes y texturas  donde esos rostros aparecen y desaparecen siempre en movimiento. 

Os esperamos en nuestro evento cierre de la semana de la moda de Barcelona, en KR Store Backyard, donde además habrá pre venta especial de la colección y cerveza Moritz para celebrarlo!</p><p><a href='https://www.facebook.com/events/1678491459074119/' target='_blank'>+info</a></p>",02/05/2016,,"Exposición, Espacios alternativos",KR Store Backyard,KR Store Backyard,0,1,1,0,19:30,22:30
https://www.facebook.com/events/1969883239902730/,INTERCAMBIART,"<p><img src='http://fbcdn-sphotos-b-a.akamaihd.net/hphotos-ak-xfp1/v/t1.0-9/s720x720/12645031_1023375967734354_6313540524356623977_n.jpg?oh=2b58c4cd444e48049e0e2cc31add5ee0&oe=573ED811&__gda__=1466572224_e803b3acc565d345d4c866b14dc424ec' width='228' height='182' alt='INTERCAMBIART' /></p><p>IntercambiART es una buena filosofía para aplicar en el sector ante la dificultad actual de los artistas para promocionar y vender arte. La misión es facilitar el mecenazgo y el intercambio de arte entre miembros e interesados en general por el arte contemporaneo con la finalidad de promocionar los artistas, facilitarles servicios útiles y acceso a otras obras de artistas de diferentes ámbitos mediante el intercambio.</p><p><a href='https://www.facebook.com/events/1969883239902730/' target='_blank'>+info</a></p>",02/10/2016,,"Exposición, Espacios alternativos",NauART- Comunidad de artistas,NauART- Comunidad de artistas,0,1,1,0,18:30,21:00